{"cameraMode":{"drawMode":0,"name":"Shaded","section":"Shading Mode"},"sceneLighting":false,"audioPlay":false,"sceneViewState":{"showFog":true,"showMaterialUpdate":false,"showSkybox":false,"showFlares":true,"showImageEffects":true,"showParticleSystems":true},"in2DMode":false,"pivot":{"x":0.5091999769210815,"y":-0.5091999769210815,"z":0.0},"rotation":{"x":0.04344356060028076,"y":-0.04584178328514099,"z":0.0019713719375431539,"w":0.9980143904685974},"size":2.4463653564453127,"orthographic":true}